Bankleitzahl,Bezeichnung,BIC
19960,Adria Bank AG,ABAGATWWXXX
43510,Allgemeine Bausparkasse reg.Gen.m.b.H.,ABVRATW1XXX
20320,Allgemeine Sparkasse Oberösterreich BankAG,ASPKAT2LXXX
20315,Allgemeine Sparkasse Oberösterreich BankAG,ASPKAT2LXXX
19330,Allianz Investmentbank AG,AIAGATWWXXX
36791,Alpenbank AG,ALPEAT22XXX
34523,Attergauer Raiffeisenbank reg.Gen.m.b.H.,RZOOAT2L523
19370,Autobank AG,AUTOATW1XXX
19970,Banco do Brasil AG,BRASATWWXXX
19720,Bank Austria Wohnbaubank AG,
18130,Bank für Ärzte und Freie Berufe AG,BWFBATW1XXX
16000,Bank für Tirol und Vorarlberg AG,BTVAAT22XXX
16300,Bank für Tirol und Vorarlberg AG,BTVAAT22XXX
16310,Bank für Tirol und Vorarlberg AG,BTVAAT22XXX
16320,Bank für Tirol und Vorarlberg AG,BTVAAT22XXX
16330,Bank für Tirol und Vorarlberg AG,BTVAAT22XXX
16340,Bank für Tirol und Vorarlberg AG,BTVAAT22XXX
16350,Bank für Tirol und Vorarlberg AG,BTVAAT22XXX
16360,Bank für Tirol und Vorarlberg AG,BTVAAT22XXX
16370,Bank für Tirol und Vorarlberg AG,BTVAAT22XXX
16380,Bank für Tirol und Vorarlberg AG,BTVAAT22XXX
16390,Bank für Tirol und Vorarlberg AG,BTVAAT22XXX
16400,Bank für Tirol und Vorarlberg AG,BTVAAT22XXX
16410,Bank für Tirol und Vorarlberg AG,BTVAAT22XXX
16420,Bank für Tirol und Vorarlberg AG,BTVAAT22XXX
16430,Bank für Tirol und Vorarlberg AG,BTVAAT22XXX
16440,Bank für Tirol und Vorarlberg AG,BTVAAT22XXX
16450,Bank für Tirol und Vorarlberg AG,BTVAAT22XXX
16460,Bank für Tirol und Vorarlberg AG,BTVAAT22XXX
19280,"Bank für Trient und Bozen AG, Niederlassung Innsbruck",RZKTAT2KBTB
19140,Bank Gutmann AG,GUTBATWWXXX
19400,Bank of Tokyo-Mitsubishi UFJ (Holland) N.V. Zweigniederlassung Wien,BOTKATWXXXX
19220,Bank Winter & Co. AG,WISMATWWXXX
34796,bankdirekt.at AG,RZOOAT2L796
19530,Bankhaus Carl Spängler & Co. AG,SPAEAT2SXXX
19380,Bankhaus Denzel AG,DENEATW1XXX
19520,Bankhaus Krentschker & Co. AG,KRECAT2GXXX
19190,Bankhaus Schelhammer & Schattera AG,BSSWATWWXXX
75910,Banque PSA Finance Niederlassung Österreich,PSFAATW1XXX
24012,Bausparkasse der österreichischen Sparkassen AG,BAOSATWWXXX
19950,Bausparkasse Wüstenrot AG,WUBUAT21XXX
14000,BAWAG P.S.K. Bank für Arbeit und Wirtschaft und Österreichische Postsparkasse AG,BAWAATWWXXX
14900,BAWAG P.S.K. Bank für Arbeit und Wirtschaft und Österreichische Postsparkasse AG,SPADATW1XXX
18190,BAWAG P.S.K. Bank für Arbeit und Wirtschaft und Österreichische Postsparkasse AG,OVERATWWXXX
60000,BAWAG P.S.K. Bank für Arbeit und Wirtschaft und Österreichische Postsparkasse AG,OPSKATWWXXX
19750,BAWAG P.S.K. Wohnbaubank Aktiengesellschaft,BAWOATW1XXX
19480,biw Bank für Investments und Wertpapiere AG Zweigniederlassung Österreich,BIIWATWWXXX
17000,BKS Bank AG,BFKKAT2KXXX
17100,BKS Bank AG,BFKKAT2KXXX
17200,BKS Bank AG,BFKKAT2KXXX
17300,BKS Bank AG,BFKKAT2KXXX
17400,BKS Bank AG,BFKKAT2KXXX
17500,BKS Bank AG,BFKKAT2KXXX
19390,BMW Austria Bank GmbH,BMASAT21XXX
18100,BNP Paribas Fortis SA/NV Niederlassung Österreich,GEBAATWWXXX
18700,Brokerjet Bank AG,ECTRATWWXXX
19120,Brüll Kallmus Bank AG,SPBAATWWXXX
19600,CAPITAL BANK - GRAWE GRUPPE AG,RSBUAT2KXXX
76040,card complete Service Bank AG,VIAUATW1XXX
18140,Citibank International plc - Austria Branch,CITIATWXXXX
19675,Commerzbank AG Niederlassung Wien,COBAATWXXXX
19620,Commerzialbank Mattersburg im Burgenland AG,CBMUAT21XXX
19470,Crédit Suisse (Luxembourg) S.A. Zweigniederlassung Österreich,CRESATWWXXX
19650,DenizBank AG,ESBKATWWXXX
19100,Deutsche Bank AG Filiale Wien,DEUTATWWXXX
19999,Deutsche Bank Österreich AG,SOPPATWWXXX
20112,Die Zweite Wiener Vereins-Sparcasse,GIBAAT21XXX
19250,direktanlage.at AG,DIRAAT2SXXX
20602,Dornbirner Sparkasse Bank AG,DOSPAT2DXXX
14200,easybank AG,EASYATW1XXX
20111,Erste Bank der oesterreichischen Sparkassen AG,GIBAATWWXXX
20100,Erste Group Bank AG,GIBAATWGXXX
75800,Erste Group Bank AG,GIBAATWGXXX
19945,Europe Arab Bank plc,ARABATWWXXX
19340,European American Investment Bank AG,EUAAATWWXXX
73100,FactorBank AG,FACBATW1XXX
19840,FGA Bank GmbH,FITTATW1XXX
19915,FIL Fondsbank GmbH Zweigniederlassung Wien,FFBKDEFFAUT
19965,"Ford Bank Austria, Zweigniederlassung der FCE BANK PLC",FCRBAT21XXX
40430,"Gärtnerbank, reg.Gen.m.b.H.",GAWIATW1XXX
18400,Generali Bank AG,BGENATWWXXX
52000,HYPO ALPE-ADRIA-BANK AG,HAABAT2KXXX
52200,HYPO ALPE-ADRIA-BANK INTERNATIONAL AG,HAABAT22XXX
53100,HYPO NOE Gruppe Bank AG,HYINAT22XXX
53000,HYPO NOE Landesbank AG,HYPNATWWXXX
57000,HYPO TIROL BANK AG,HYPTAT22XXX
51000,HYPO-BANK BURGENLAND AG,EHBBAT2EXXX
19730,Hypo-Wohnbaubank AG,HYWOATW1XXX
47050,IMMO-BANK AG,VOHGATW1XXX
19360,ING BANK N.V. Zweigniederlassung Wien ING BANK N.V. Vienna Branch,INGBATWWXXX
19210,ING-DiBa Direktbank Austria Niederlassung der ING-DiBa AG,INGDAT21XXX
73600,Intermarket Bank AG,
18200,Internationale Bank für Außenhandel AG,IBFAATWWXXX
19290,"Joh. Berenberg, Gossler & Co. KG Zweigniederlassung Wien",
18170,KA Finanz AG,OKOMATWWXXX
20706,Kärntner Sparkasse AG,KSPKAT2KXXX
19150,Kathrein Privatbank AG,KTBKATWWXXX
19660,Kommunalkredit Austria AG,INVOATWWXXX
20228,KREMSER BANK UND SPARKASSEN AG,SPKDAT21XXX
56000,Landes-Hypothekenbank Steiermark AG,HYSTAT2GXXX
73800,LEASFINANZ Bank GmbH,LEGMATW1XXX
19460,"LGT Bank AG, Zweigniederlassung Österreich",BLFLATWWXXX
19450,Liechtensteinische Landesbank (Österreich) AG,LILAATWWXXX
20507,Lienzer Sparkasse AG,LISPAT21XXX
19885,"Macquarie Bank International Limited, Vienna Branch",
19240,MEINL BANK AG,MEINATWWXXX
15000,Oberbank AG,OBKLAT2LXXX
15001,Oberbank AG,OBKLAT2LXXX
15002,Oberbank AG,OBKLAT2LXXX
15003,Oberbank AG,OBKLAT2LXXX
15004,Oberbank AG,OBKLAT2LXXX
15005,Oberbank AG,OBKLAT2LXXX
15006,Oberbank AG,OBKLAT2LXXX
15007,Oberbank AG,OBKLAT2LXXX
15008,Oberbank AG,OBKLAT2LXXX
15009,Oberbank AG,OBKLAT2LXXX
15010,Oberbank AG,OBKLAT2LXXX
15011,Oberbank AG,OBKLAT2LXXX
15012,Oberbank AG,OBKLAT2LXXX
15013,Oberbank AG,OBKLAT2LXXX
15021,Oberbank AG,OBKLAT2LXXX
15022,Oberbank AG,OBKLAT2LXXX
15023,Oberbank AG,OBKLAT2LXXX
15024,Oberbank AG,OBKLAT2LXXX
15025,Oberbank AG,OBKLAT2LXXX
15030,Oberbank AG,OBKLAT2LXXX
15031,Oberbank AG,OBKLAT2LXXX
15040,Oberbank AG,OBKLAT2LXXX
15041,Oberbank AG,OBKLAT2LXXX
15042,Oberbank AG,OBKLAT2LXXX
15060,Oberbank AG,OBKLAT2LXXX
15061,Oberbank AG,OBKLAT2LXXX
15062,Oberbank AG,OBKLAT2LXXX
15080,Oberbank AG,OBKLAT2LXXX
15081,Oberbank AG,OBKLAT2LXXX
15090,Oberbank AG,OBKLAT2LXXX
15091,Oberbank AG,OBKLAT2LXXX
15092,Oberbank AG,OBKLAT2LXXX
15093,Oberbank AG,OBKLAT2LXXX
15094,Oberbank AG,OBKLAT2LXXX
15095,Oberbank AG,OBKLAT2LXXX
15096,Oberbank AG,OBKLAT2LXXX
15097,Oberbank AG,OBKLAT2LXXX
15110,Oberbank AG,OBKLAT2LXXX
15120,Oberbank AG,OBKLAT2LXXX
15121,Oberbank AG,OBKLAT2LXXX
15122,Oberbank AG,OBKLAT2LXXX
15123,Oberbank AG,OBKLAT2LXXX
15130,Oberbank AG,OBKLAT2LXXX
15131,Oberbank AG,OBKLAT2LXXX
15132,Oberbank AG,OBKLAT2LXXX
15133,Oberbank AG,OBKLAT2LXXX
15134,Oberbank AG,OBKLAT2LXXX
15135,Oberbank AG,OBKLAT2LXXX
15150,Oberbank AG,OBKLAT2LXXX
15151,Oberbank AG,OBKLAT2LXXX
54000,Oberösterreichische Landesbank AG,OBLAAT2LXXX
10100,Oesterreichische Entwicklungsbank AG,
10000,Oesterreichische Kontrollbank AG,OEKOATWWXXX
100,Oesterreichische Nationalbank,NABAATWWXXX
44220,Österreichische Apothekerbank eG,VBOEATWWAPO
73700,Österreichische Hotel- und Tourismusbank Ges. m.b.H.,OEHTATWWXXX
40000,Österreichische Volksbanken-AG,VBOEATWWXXX
18160,Österreichische Volksbanken-AG,VBOEATWWXXX
19800,Österreichischer Exportfonds GmbH,OEEXATW1XXX
19170,PARTNER BANK AG,IBAGAT21XXX
18120,paybox Bank AG,PABXATW1XXX
76030,PayLife Bank GmbH,PLBKATWWXXX
50000,Pfandbriefstelle der österreichischen Landes-Hypothekenbanken,POLHATW1XXX
76000,Porsche Bank AG,PORCAT21XXX
39101,"POSOJILNICA-BANK BILCOVS-HODISE-SKOFICE (KREDITBANK LUDMANNSDORF-KEUTSCHACH-SCHIEFLING, reg.Gen.m.b.H.)",VSGKAT2K101
39102,POSOJILNICA-BANK BOROVLJE - CELOVEC r.z.z.o.j. (Kreditbank Ferlach - Klagenfurt reg.Gen.m.b.H.),VSGKAT2K102
39117,"Posojilnica-Bank Pliberk, r.z.z.o.j. (Kreditbank Bleiburg, reg.Gen.m.b.H.)",VSGKAT2K117
39104,"Posojilnica-Bank Podjuna, r.z.z.o.j. (Kreditbank Jauntal, reg.Gen.m.b.H.)",VSGKAT2K104
39109,"Posojilnica-Bank St. Jakob v Rozu, registrirana zadruga z omejenim jamstvom (Kreditbank St. Jakob im Rosental, reg.Gen.m.b.H.)",VSGKAT2K109
39130,"Posojilnica-Bank Zelezna Kapla, r.z.z.o.j. (Kreditbank Eisenkappel, reg.Gen.m.b.H.)",VSGKAT2K130
39116,"Posojilnica-Bank Zila, r.z.z.o.j. (Kreditbank Gailtal, reg.Gen.m.b.H.)",VSGKAT2K116
34795,PRIVAT BANK AG der Raiffeisenlandesbank Oberösterreich,RZOOAT2L795
37468,RAIFFEISEN BANK IM MONTAFON reg.Gen.m.b.H.,RVVGAT2B468
31000,Raiffeisen Bank International AG,RZBAATWWXXX
39412,Raiffeisen Bank Lurnfeld-Reißeck reg.Gen.m.b.H.,RZKTAT2K412
39496,Raiffeisen Bank Villach reg.Gen.m.b.H.,RZKTAT2K496
31303,Raiffeisen Bausparkasse Ges. m.b.H.,RBSKATW1XXX
19930,Raiffeisen Centrobank AG,CENBATWWXXX
31100,Raiffeisen Factor Bank AG,
36254,Raiffeisen RegionalBank Fieberbrunn - St.Johann in Tirol eGen,RZTIAT22254
36362,Raiffeisen Regionalbank Hall in Tirol eGen,RZTIAT22362
32250,Raiffeisen Regionalbank Mödling eGen,RLNWATWWGTD
32633,Raiffeisen Regionalbank Mödling eGen,RLNWATWWGTD
36322,Raiffeisen Regionalbank Schwaz eGen,RZTIAT22322
31200,Raiffeisen Vermögensverwaltungsbank AG,RAVMATW1XXX
19740,Raiffeisen Wohnbaubank AG,RAWHATW1XXX
30000,Raiffeisen Zentralbank Österreich AG,RZBHATWWXXX
36200,Raiffeisenbank Absam eGen,RZTIAT22200
35001,Raiffeisenbank Abtenau-Rußbach reg.Gen.m.b.H.,RVSAAT2S001
35101,Raiffeisenbank Abtenau-Rußbach reg.Gen.m.b.H.,RVSAAT2S001
36201,Raiffeisenbank Achenkirch und Umgebung eGen,RZTIAT22201
38001,Raiffeisenbank Admont eGen,RZSTAT2G001
37401,Raiffeisenbank Alberschwende reg.Gen.m.b.H.,RVVGAT2B401
36203,Raiffeisenbank Alpbach eGen,RZTIAT22203
37402,RAIFFEISENBANK ALTACH eGen,RVVGAT2B402
35004,Raiffeisenbank Altenmarkt-Flachau-Eben reg.Gen.m.b.H.,RVSAAT2S004
35104,Raiffeisenbank Altenmarkt-Flachau-Eben reg.Gen.m.b.H.,RVSAAT2S004
35204,Raiffeisenbank Altenmarkt-Flachau-Eben reg.Gen.m.b.H.,RVSAAT2S004
35404,Raiffeisenbank Altenmarkt-Flachau-Eben reg.Gen.m.b.H.,RVSAAT2S004
39255,"Raiffeisenbank Althofen - Guttaring, reg.Gen.m.b.H.",RZKTAT2K255
37431,Raiffeisenbank am Bodensee reg.Gen.m.b.H.,RVVGAT2B431
37482,Raiffeisenbank am Hofsteig reg.Gen.m.b.H.,RVVGAT2B482
35005,Raiffeisenbank Anif-Niederalm reg.Gen.m.b.H.,RVSAAT2S005
35105,Raiffeisenbank Anif-Niederalm reg.Gen.m.b.H.,RVSAAT2S005
35006,Raiffeisenbank Annaberg-Lungötz reg.Gen.m.b.H.,RVSAAT2S006
35007,Raiffeisenbank Anthering reg.Gen.m.b.H.,RVSAAT2S007
33004,Raiffeisenbank Apetlon eGen,RLBBAT2E004
39257,"Raiffeisenbank Arnoldstein, reg.Gen.m.b.H.",RZKTAT2K257
36207,Raiffeisenbank Arzl im Pitztal und Imsterberg reg.Gen.m.b.H.,RZTIAT22207
34016,Raiffeisenbank Aspach-Wildenau reg.Gen.m.b.H.,RZOOAT2L016
34608,Raiffeisenbank Attersee-Nord reg.Gen.m.b.H.,RZOOAT2L608
34363,Raiffeisenbank Attersee-Süd reg.Gen.m.b.H.,RZOOAT2L363
37405,Raiffeisenbank Au reg.Gen.m.b.H.,RVVGAT2B405
32039,Raiffeisenbank Auersthal-Bockfließ-Groß Schweinbarth eGen,RLNWATWWAUE
36236,Raiffeisenbank Bad Häring-Schwoich eGen,RZTIAT22236
38312,Raiffeisenbank Bad Radkersburg-Klöch eGen,RZSTAT2G312
34750,Raiffeisenbank Bad Wimsbach-Neydharting reg.Gen.m.b.H.,RZOOAT2L750
35008,Raiffeisenbank Bergheim reg.Gen.m.b.H.,RVSAAT2S008
35108,Raiffeisenbank Bergheim reg.Gen.m.b.H.,RVSAAT2S008
35009,Raiffeisenbank Berndorf-Seeham reg.Gen.m.b.H.,RVSAAT2S009
35109,Raiffeisenbank Berndorf-Seeham reg.Gen.m.b.H.,RVSAAT2S009
32227,Raiffeisenbank Bernhardsthal - Großkrut - Altlichtenwarth eGen,RLNWATWWBGA
37406,Raiffeisenbank Bezau-Mellau-Bizau reg.Gen.m.b.H.,RVVGAT2B406
38023,Raiffeisenbank Birkfeld-Oberes Feistritztal eGen,RZSTAT2G023
35010,RAIFFEISENBANK BISCHOFSHOFEN reg.Gen.m.b.H.,RVSAAT2S010
35110,RAIFFEISENBANK BISCHOFSHOFEN reg.Gen.m.b.H.,RVSAAT2S010
35310,RAIFFEISENBANK BISCHOFSHOFEN reg.Gen.m.b.H.,RVSAAT2S010
39272,Raiffeisenbank Bleiburg reg.Gen.m.b.H.,RZKTAT2K272
37410,Raiffeisenbank Bludenz reg.Gen.m.b.H.,RVVGAT2B410
35011,Raiffeisenbank Bramberg reg.Gen.m.b.H.,RVSAAT2S011
35111,Raiffeisenbank Bramberg reg.Gen.m.b.H.,RVSAAT2S011
36213,Raiffeisenbank Brandenberg eGen,RZTIAT22213
38026,Raiffeisenbank Breitenau eGen,RZSTAT2G026
36215,Raiffeisenbank Brixen im Thale eGen,RZTIAT22215
32073,Raiffeisenbank Bruck-Carnuntum eGen,RLNWATWWBRL
35012,Raiffeisenbank Bruck-Fusch-Kaprun reg.Gen.m.b.H.,RVSAAT2S012
35112,Raiffeisenbank Bruck-Fusch-Kaprun reg.Gen.m.b.H.,RVSAAT2S012
35212,Raiffeisenbank Bruck-Fusch-Kaprun reg.Gen.m.b.H.,RVSAAT2S012
35312,Raiffeisenbank Bruck-Fusch-Kaprun reg.Gen.m.b.H.,RVSAAT2S012
39271,"Raiffeisenbank Brückl-Eberstein-Klein St. Paul-Waisenberg, reg.Gen.m.b.H.",RZKTAT2K271
36272,"Raiffeisenbank Buch, Gallzein und Strass reg.Gen.m.b.H.",RZTIAT22272
36367,Raiffeisenbank Defereggental eGen,RZTIAT22367
38043,Raiffeisenbank Deutschlandsberg eGen,RZSTAT2G043
35013,Raiffeisenbank Dienten reg.Gen.m.b.H.,RVSAAT2S013
34075,Raiffeisenbank Donau-Ameisberg reg.Gen.m.b.H.,RZOOAT2L075
33012,Raiffeisenbank Donnerskirchen-Oggau-Schützen/Geb. reg.Gen.m.b.H.,RLBBAT2E012
33014,Raiffeisenbank Draßmarkt-Kobersdorf-St. Martin eGen,RLBBAT2E014
39442,Raiffeisenbank Drautal reg.Gen.m.b.H.,RZKTAT2K442
33038,Raiffeisenbank Dreiländereck Bgld-Nord eGen,RLBBAT2E038
33063,Raiffeisenbank Dreiländereck Bgld-Nord eGen,RLBBAT2E038
33114,Raiffeisenbank Dreiländereck Bgld-Nord eGen,RLBBAT2E038
36218,Raiffeisenbank Eben-Pertisau eGen,RZTIAT22218
39288,Raiffeisenbank Eberndorf reg.Gen.m.b.H.,RZKTAT2K288
34081,Raiffeisenbank Eberschwang reg.Gen.m.b.H.,RZOOAT2L081
38053,Raiffeisenbank Edelschrott eGen,RZSTAT2G053
34083,Raiffeisenbank Edt-Lambach reg.Gen.m.b.H.,RZOOAT2L083
32123,Raiffeisenbank Eggenburg eGen,RLNWATWW123
36219,Raiffeisenbank Ehrwald-Lermoos-Biberwier eGen,RZTIAT22219
35014,Raiffeisenbank Elixhausen eGen,RVSAAT2S014
34157,Raiffeisenbank Enns reg.Gen.m.b.H.,RZOOAT2L157
34080,Raiffeisenbank Ennstal reg.Gen.m.b.H.,RZOOAT2L080
36223,Raiffeisenbank Erl eGen,RZTIAT22223
35015,Raiffeisenbank Eugendorf-Plainfeld reg.Gen.m.b.H.,RVSAAT2S015
35115,Raiffeisenbank Eugendorf-Plainfeld reg.Gen.m.b.H.,RVSAAT2S015
35215,Raiffeisenbank Eugendorf-Plainfeld reg.Gen.m.b.H.,RVSAAT2S015
38071,Raiffeisenbank Fehring-St.Anna am Aigen eGen,RZSTAT2G071
38497,Raiffeisenbank Feldbach-Bad Gleichenberg eGen,RZSTAT2G497
37422,"Raiffeisenbank Feldkirch, reg.Gen.m.b.H.",RVVGAT2B422
34100,Raiffeisenbank Feldkirchen-Goldwörth reg.Gen.m.b.H.,RZOOAT2L100
38072,Raiffeisenbank Feldkirchen-Kalsdorf eGen,RZSTAT2G072
39383,"Raiffeisenbank Finkenstein - Faaker See, reg.Gen.m.b.H.",RZKTAT2K383
37424,RAIFFEISENBANK FRASTANZ-SATTEINS reg.Gen.m.b.H.,RVVGAT2B424
33116,Raiffeisenbank Frauenkirchen eGen,RLBBAT2E116
33085,Raiffeisenbank Freistadt Rust eGen,RLBBAT2E085
39501,"Raiffeisenbank Friesach-Metnitztal, reg.Gen.m.b.H.",RZKTAT2K501
36230,Raiffeisenbank Fulpmes-Telfes im Stubai eGen,RZTIAT22230
39305,"Raiffeisenbank Fürnitz, reg.Gen.m.b.H.",RZKTAT2K305
38077,Raiffeisenbank Fürstenfeld eGen,RZSTAT2G077
38094,Raiffeisenbank Gamlitz eGen,RZSTAT2G094
34113,Raiffeisenbank Gampern reg.Gen.m.b.H.,RZOOAT2L113
35026,Raiffeisenbank Gastein eGen,RVSAAT2S026
35126,Raiffeisenbank Gastein eGen,RVSAAT2S026
35226,Raiffeisenbank Gastein eGen,RVSAAT2S026
34118,Raiffeisenbank Geretsberg reg.Gen.m.b.H.,RZOOAT2L118
38102,Raiffeisenbank Gleinstätten eGen,RZSTAT2G102
38104,Raiffeisenbank Gnas eGen,RZSTAT2G104
36232,RaiffeisenBank Going eGen,RZTIAT22232
35017,Raiffeisenbank Golling-Scheffau-Kellau reg.Gen.m.b.H.,RVSAAT2S017
37429,Raiffeisenbank Götzis reg.Gen.m.b.H.,RVVGAT2B429
39320,"Raiffeisenbank Grafenstein-Magdalensberg und Umgebung, reg.Gen.m.b.H.",RZKTAT2K320
34135,Raiffeisenbank Gramastetten-Herzogsdorf reg.Gen.m.b.H.,RZOOAT2L135
38111,Raiffeisenbank Gratkorn eGen,RZSTAT2G111
38112,Raiffeisenbank Gratwein eGen,RZSTAT2G112
38377,Raiffeisenbank Graz-Andritz eGen,RZSTAT2G377
38223,Raiffeisenbank Graz-Mariatrost eGen,RZSTAT2G223
38367,Raiffeisenbank Graz-St. Peter eGen,RZSTAT2G367
38439,Raiffeisenbank Graz-Straßgang eGen,RZSTAT2G439
34068,Raiffeisenbank Grein reg.Gen.m.b.H.,RZOOAT2L068
38113,Raiffeisenbank Gröbming eGen,RZSTAT2G113
35018,Raiffeisenbank Grödig reg.Gen.m.b.H.,RVSAAT2S018
35118,Raiffeisenbank Grödig reg.Gen.m.b.H.,RVSAAT2S018
38118,Raiffeisenbank Groß St. Florian-Wettmannstätten eGen,RZSTAT2G118
35019,Raiffeisenbank Großarl-Hüttschlag reg.Gen.m.b.H.,RVSAAT2S019
35119,Raiffeisenbank Großarl-Hüttschlag reg.Gen.m.b.H.,RVSAAT2S019
34126,Raiffeisenbank Großraming reg.Gen.m.b.H.,RZOOAT2L126
32589,Raiffeisenbank Gross Gerungs eGen,RLNWATW1589
38120,Raiffeisenbank Großsteinbach eGen,RZSTAT2G120
38122,Raiffeisenbank Großwilfersdorf eGen,RZSTAT2G122
34127,Raiffeisenbank Grünau - St. Konrad - Scharnstein reg.Gen.m.b.H.,RZOOAT2L127
34129,Raiffeisenbank Gunskirchen eGen,RZOOAT2L129
39511,"Raiffeisenbank Gurktal, reg.Gen.m.b.H.",RZKTAT2K511
38128,Raiffeisenbank Halbenrain-Tieschen eGen,RZSTAT2G128
35022,Raiffeisenbank Hallein reg.Gen.m.b.H.,RVSAAT2S022
35122,Raiffeisenbank Hallein reg.Gen.m.b.H.,RVSAAT2S022
35322,Raiffeisenbank Hallein reg.Gen.m.b.H.,RVSAAT2S022
35422,Raiffeisenbank Hallein reg.Gen.m.b.H.,RVSAAT2S022
35522,Raiffeisenbank Hallein reg.Gen.m.b.H.,RVSAAT2S022
34155,Raiffeisenbank Handenberg - St. Georgen a. F. reg.Gen.m.b.H.,RZOOAT2L155
38403,Raiffeisenbank Hartberg eGen,RZSTAT2G403
38132,Raiffeisenbank Hatzendorf-Unterlamm eGen,RZSTAT2G132
38133,Raiffeisenbank Hausmannstätten eGen,RZSTAT2G133
33090,Raiffeisenbank Heideboden eGen,RLBBAT2E090
33028,Raiffeisenbank Heideboden eGen,RLBBAT2E090
38170,Raiffeisenbank Heiligenkreuz-Kirchbach eGen,RZSTAT2G170
34160,Raiffeisenbank Helfenberg - St. Stefan a.W. reg.Gen.m.b.H.,RZOOAT2L160
34161,Raiffeisenbank Hellmonsödt reg.Gen.m.b.H.,RZOOAT2L161
35024,Raiffeisenbank Henndorf am Wallersee reg.Gen.m.b.H.,RVSAAT2S024
39543,"Raiffeisenbank Hermagor, reg.Gen.m.b.H.",RZKTAT2K543
32769,Raiffeisenbank Herzogenburg-Kapelln eGen,RLNWATWW769
32356,Raiffeisenbank Herzogenburg-Kapelln eGen,RLNWATWW769
34165,Raiffeisenbank Hinterstoder und Vorderstoder reg.Gen.m.b.H.,RZOOAT2L165
36241,Raiffeisenbank Hippach und Umgebung reg.Gen.m.b.H.,RZTIAT22241
38138,Raiffeisenbank Hitzendorf-Rein eGen,RZSTAT2G138
38333,Raiffeisenbank Hitzendorf-Rein eGen,RZSTAT2G138
35025,Raiffeisenbank Hof-Koppl-Ebenau reg.Gen.m.b.H.,RVSAAT2S025
35125,Raiffeisenbank Hof-Koppl-Ebenau reg.Gen.m.b.H.,RVSAAT2S025
35225,Raiffeisenbank Hof-Koppl-Ebenau reg.Gen.m.b.H.,RVSAAT2S025
37438,Raiffeisenbank Hohenems reg.Gen.m.b.H.,RANMAT21XXX
32322,Raiffeisenbank Hollabrunn eGen,RLNWATW1322
32198,Raiffeisenbank Hollabrunn eGen,RLNWATW1322
36245,Raiffeisenbank Hopfgarten im Brixental eGen,RZTIAT22245
33031,Raiffeisenbank Horitschon und Umgebung eGen,RLBBAT2E031
34170,Raiffeisenbank Hörsching-Thening reg.Gen.m.b.H.,RZOOAT2L170
35027,Raiffeisenbank Hüttau-St. Martin-Niedernfritz reg.Gen.m.b.H.,RVSAAT2S027
35127,Raiffeisenbank Hüttau-St. Martin-Niedernfritz reg.Gen.m.b.H.,RVSAAT2S027
39340,"Raiffeisenbank Hüttenberg - Wieting, reg.Gen.m.b.H.",RZKTAT2K340
33033,Raiffeisenbank Illmitz eGen,RLBBAT2E033
38151,Raiffeisenbank Ilz eGen,RZSTAT2G151
32033,Raiffeisenbank im Mostviertel Aschbach eGen,RLNWATWWASC
37420,Raiffeisenbank Im Rheintal eGen,RVVGAT2B420
37453,Raiffeisenbank Im Rheintal eGen,RVVGAT2B420
36229,"Raiffeisenbank im Vorderen Zillertal, Fügen, Fügenberg, Kaltenbach, Ried und Uderns eGen",RZTIAT22229
32501,Raiffeisenbank im Weinviertel eGen,RLNWATWWMIB
34545,Raiffeisenbank Inneres Salzkammergut reg.Gen.m.b.H.,RZOOAT2L545
34200,Raiffeisenbank Innkreis Mitte reg.Gen.m.b.H.,RZOOAT2L200
36249,Raiffeisenbank Jenbach - Wiesing eGen,RZTIAT22249
38368,Raiffeisenbank Judenburg eGen,RZSTAT2G368
36387,Raiffeisenbank Kartitsch eGen,RZTIAT22387
34214,Raiffeisenbank Kematen an der Krems reg.Gen.m.b.H.,RZOOAT2L214
36260,Raiffeisenbank Kematen eGen,RZTIAT22260
39355,"Raiffeisenbank Keutschach-Maria Wörth, e. Gen. m.b.H.",RZKTAT2K355
36262,Raiffeisenbank Kirchdorf Tirol reg.Gen.m.b.H.,RZTIAT22262
36263,RaiffeisenBank Kitzbühel eGen,RZTIAT22263
34226,Raiffeisenbank Kleinmünchen/Linz reg.Gen.m.b.H.,RZOOAT2L226
32367,Raiffeisenbank Klosterneuburg eGen,RLNWATWW367
38346,Raiffeisenbank Knittelfeld eGen,RZSTAT2G346
34231,Raiffeisenbank Kollerschlag reg.Gen.m.b.H.,RZOOAT2L231
36265,Raiffeisenbank Kolsass und Umgebung eGen,RZTIAT22265
33041,Raiffeisenbank Königsdorf eGen,RLBBAT2E041
32395,Raiffeisenbank Korneuburg eGen,RLNWATWWKOR
36264,Raiffeisenbank Kössen-Schwendt eGen,RZTIAT22264
35021,Raiffeisenbank Köstendorf-Neumarkt-Schleedorf reg.Gen.m.b.H.,RVSAAT2S021
35121,Raiffeisenbank Köstendorf-Neumarkt-Schleedorf reg.Gen.m.b.H.,RVSAAT2S021
35221,Raiffeisenbank Köstendorf-Neumarkt-Schleedorf reg.Gen.m.b.H.,RVSAAT2S021
39364,"Raiffeisenbank Kötschach - Mauthen, reg.Gen.m.b.H.",RZKTAT2K364
32397,Raiffeisenbank Krems eGen,RLNWATWWKRE
34233,Raiffeisenbank Kremsmünster reg.Gen.m.b.H.,RZOOAT2L233
34234,Raiffeisenbank Krenglbach reg.Gen.m.b.H.,RZOOAT2L234
32438,Raiffeisenbank Kreuzenstein eGen,RLNWATW1438
32731,Raiffeisenbank Kreuzenstein eGen,RLNWATW1438
35028,Raiffeisenbank Krimml reg.Gen.m.b.H.,RVSAAT2S028
36267,Raiffeisenbank Kundl eGen,RZTIAT22267
32414,Raiffeisenbank Laaben - Maria Anzbach eGen,RLNWATW1414
32413,Raiffeisenbank Laa/Thaya eGen,RLNWATWWLAA
35030,Raiffeisenbank Lamprechtshausen-Bürmoos reg.Gen.m.b.H.,RVSAAT2S030
35130,Raiffeisenbank Lamprechtshausen-Bürmoos reg.Gen.m.b.H.,RVSAAT2S030
39381,"Raiffeisenbank Landskron - Gegendtal, reg.Gen.m.b.H.",RZKTAT2K381
36268,Raiffeisenbank Längenfeld eGen,RZTIAT22268
32426,Raiffeisenbank Langenlois eGen,RLNWATWW426
37445,Raiffeisenbank Langen-Thal reg.Gen.m.b.H.,RVVGAT2B445
36269,Raiffeisenbank Langkampfen eGen,RZTIAT22269
39384,"Raiffeisenbank Launsdorf, reg.Gen.m.b.H.",RZKTAT2K384
39292,"Raiffeisenbank Lavamünd, reg.Gen.m.b.H.",RZKTAT2K292
37449,"Raiffeisenbank Lech/Arlberg, reg.Gen.m.b.H.",RVVGAT2B449
37439,RAIFFEISENBANK LEIBLACHTAL reg.Gen.m.b.H.,RVVGAT2B439
38206,Raiffeisenbank Leibnitz eGen,RZSTAT2G206
38460,Raiffeisenbank Leoben-Bruck eGen,RZSTAT2G460
35031,Raiffeisenbank Leogang reg.Gen.m.b.H.,RVSAAT2S031
34276,Raiffeisenbank Leonding reg.Gen.m.b.H.,RZOOAT2L276
38262,Raiffeisenbank Leutschach-Oberhaag eGen,RZSTAT2G262
38210,Raiffeisenbank Lieboch-Stainz eGen,RZSTAT2G210
39464,"Raiffeisenbank Liesertal, reg.Gen.m.b.H.",RZKTAT2K464
38227,Raiffeisenbank Liesingtal eGen,RZSTAT2G227
38215,Raiffeisenbank Liezen eGen,RZSTAT2G215
38211,Raiffeisenbank Ligist-St.Johann eGen,RZSTAT2G211
34290,Raiffeisenbank Lochen reg.Gen.m.b.H.,RZOOAT2L290
33046,Raiffeisenbank Lockenhaus-Mannersdorf- Pilgersdorf-Unterkohlstätten eGen,RLBBAT2E046
34284,Raiffeisenbank Lohnsburg reg.Gen.m.b.H.,RZOOAT2L284
33048,Raiffeisenbank Lutzmannsburg - Frankenau eGen,RLBBAT2E048
35035,Raiffeisenbank Maishofen-Thumersbach reg.Gen.m.b.H.,RVSAAT2S035
39400,"Raiffeisenbank Maltatal, reg.Gen.m.b.H.",RZKTAT2K400
35003,Raiffeisenbank Maria Alm-Hinterthal reg.Gen.m.b.H.,RVSAAT2S003
39404,Raiffeisenbank Maria Saal reg.Gen.m.b.H.,RZKTAT2K404
34312,Raiffeisenbank Maria Schmolln und St. Johann am Walde reg.Gen.m.b.H.,RZOOAT2L312
35036,Raiffeisenbank Mariapfarr eGen,RVSAAT2S036
38129,Raiffeisenbank Mariazellerland eGen,RZSTAT2G129
38131,Raiffeisenbank Markt Hartmannsdorf eGen,RZSTAT2G131
35042,Raiffeisenbank Markt Neukirchen reg.Gen.m.b.H.,RVSAAT2S042
36273,Raiffeisenbank Matrei am Brenner und Umgebung eGen,RZTIAT22273
36378,"Raiffeisenbank Matrei in Osttirol, Virgen-Prägraten-Kals am Großglockner reg.Gen.m.b.H.",RZTIAT22378
34303,Raiffeisenbank Mattigtal reg.Gen.m.b.H.,RZOOAT2L303
35037,Raiffeisenbank Mauterndorf-Tweng-Obertauern eGen,RVSAAT2S037
36274,Raiffeisenbank Mayrhofen und Umgebung eGen,RZTIAT22274
34313,Raiffeisenbank Meggenhofen-Kematen reg.Gen.m.b.H.,RZOOAT2L313
39407,Raiffeisenbank Metnitz und Umgebung reg.Gen.m.b.H.,RZKTAT2K407
35038,Raiffeisenbank Michaelbeuern reg.Gen.m.b.H.,RVSAAT2S038
34318,Raiffeisenbank Micheldorf reg.Gen.m.b.H.,RZOOAT2L318
32497,Raiffeisenbank Michelhausen eGen,RLNWATW1497
36276,Raiffeisenbank Mieminger Plateau eGen,RZTIAT22276
39479,Raiffeisenbank Millstättersee reg.Gen.m.b.H.,RZKTAT2K479
37423,Raiffeisenbank Mittelbregenzerwald reg.Gen.m.b.H.,RVVGAT2B423
33010,Raiffeisenbank Mittelburgenland Ost eGen,RLBBAT2E010
35039,Raiffeisenbank Mittersill-Hollersbach-Stuhlfelden reg.Gen.m.b.H.,RVSAAT2S039
35139,Raiffeisenbank Mittersill-Hollersbach-Stuhlfelden reg.Gen.m.b.H.,RVSAAT2S039
35239,Raiffeisenbank Mittersill-Hollersbach-Stuhlfelden reg.Gen.m.b.H.,RVSAAT2S039
35339,Raiffeisenbank Mittersill-Hollersbach-Stuhlfelden reg.Gen.m.b.H.,RVSAAT2S039
39436,"Raiffeisenbank Mittleres Mölltal, reg.Gen.m.b.H.",RZKTAT2K436
38186,Raiffeisenbank Mittleres Mürztal eGen,RZSTAT2G186
38075,Raiffeisenbank Mittleres Raabtal eGen,RZSTAT2G075
38171,Raiffeisenbank Mittleres Raabtal eGen,RZSTAT2G075
34383,Raiffeisenbank Mittleres Rodltal reg.Gen.m.b.H.,RZOOAT2L383
36216,Raiffeisenbank Mittleres Unterinntal eGen,RZTIAT22216
34321,Raiffeisenbank Molln-Leonstein reg.Gen.m.b.H.,RZOOAT2L321
33054,Raiffeisenbank Mönchhof eGen,RLBBAT2E054
34322,Raiffeisenbank Mondseeland reg.Gen.m.b.H.,RZOOAT2L322
39411,"Raiffeisenbank Moosburg-Tigring, reg.Gen.m.b.H.",RZKTAT2K411
38235,Raiffeisenbank Mooskirchen-Söding eGen,RZSTAT2G235
33055,Raiffeisenbank Mörbisch am See eGen,RLBBAT2E055
34330,Raiffeisenbank Mühlviertler Alm reg.Gen.m.b.H.,RZOOAT2L330
36279,Raiffeisenbank Münster eGen,RZTIAT22279
38238,Raiffeisenbank Murau eGen,RZSTAT2G238
38370,Raiffeisenbank Mureck eGen,RZSTAT2G370
36283,Raiffeisenbank Nauders eGen,RZTIAT22283
33058,Raiffeisenbank Neckenmarkt eGen,RLBBAT2E058
38252,Raiffeisenbank Nestelbach-Eggersdorf eGen,RZSTAT2G252
38055,Raiffeisenbank Nestelbach-Eggersdorf eGen,RZSTAT2G252
34356,Raiffeisenbank Neukirchen an der Vöckla reg.Gen.m.b.H.,RZOOAT2L356
38402,Raiffeisenbank Neumarkt-Scheifling eGen,RZSTAT2G402
32865,Raiffeisenbank Neunkirchen - Schwarzatal-Mitte eGen,RLNWATWWNSM
36285,Raiffeisenbank Neustift im Stubai reg.Gen.m.b.H.,RZTIAT22285
34361,Raiffeisenbank Niederwaldkirchen reg.Gen.m.b.H.,RZOOAT2L361
38108,Raiffeisenbank Nördliche Oststeiermark eGen,RZSTAT2G108
32195,Raiffeisenbank NÖ-Süd Alpin eGen,RLNWATWWASP
34362,"Raiffeisenbank Nußbach reg.Gen.m.b.H.""""",RZOOAT2L362
35044,Raiffeisenbank Nußdorf reg.Gen.m.b.H.,RVSAAT2S044
38261,Raiffeisenbank Obdach-Weißkirchen eGen,RZSTAT2G261
35045,Raiffeisenbank Oberalm-Puch reg.Gen.m.b.H.,RVSAAT2S045
39431,"Raiffeisenbank Oberdrauburg, reg.Gen.m.b.H.",RZKTAT2K431
39322,"Raiffeisenbank Oberdrautal-Weissensee, reg.Gen.m.b.H.",RZKTAT2K322
34370,Raiffeisenbank Oberes Innviertel reg.Gen.m.b.H.,RZOOAT2L370
39491,Raiffeisenbank Oberes Lavanttal reg.Gen.m.b.H.,RZKTAT2K491
39561,"Raiffeisenbank Oberes Mölltal, reg.Gen.m.b.H.",RZKTAT2K561
38240,Raiffeisenbank Oberes Mürztal eGen,RZSTAT2G240
32930,Raiffeisenbank Oberes Triestingtal eGen,RLNWATWWWEB
32415,Raiffeisenbank Oberes Waldviertel eGen,RLNWATWWOWS
36359,Raiffeisenbank Oberland eGen,RZTIAT22359
36220,Raiffeisenbank Oberlechtal reg.Gen.m.b.H.,RZTIAT22220
33067,Raiffeisenbank Oberschützen - Bernstein - Mariasdorf - Wiesfleck eGen,RLBBAT2E067
35047,Raiffeisenbank Obertrum-Mattsee reg.Gen.m.b.H.,RVSAAT2S047
35147,Raiffeisenbank Obertrum-Mattsee reg.Gen.m.b.H.,RVSAAT2S047
38266,Raiffeisenbank Öblarn eGen,RZSTAT2G266
34390,Raiffeisenbank Ohlsdorf reg.Gen.m.b.H.,RZOOAT2L390
39510,"Raiffeisenbank Ossiacher See, reg.Gen.m.b.H.",RZKTAT2K510
32615,Raiffeisenbank Ottenschlag-Martinsberg eGen,RLNWATW1615
34400,Raiffeisenbank Ottnang-Wolfsegg reg.Gen.m.b.H.,RZOOAT2L400
34420,Raiffeisenbank Pabneukirchen reg.Gen.m.b.H.,RZOOAT2L420
33071,Raiffeisenbank Pamhagen eGen,RLBBAT2E071
38282,Raiffeisenbank Passail eGen,RZSTAT2G282
32631,Raiffeisenbank Payerbach-Reichenau-Schwarzau im Gebirge eGen,RLNWATW1631
36248,Raiffeisenbank Paznaun eGen,RZTIAT22248
34777,Raiffeisenbank Perg reg.Gen.m.b.H.,RZOOAT2L777
34427,Raiffeisenbank Pettenbach reg.Gen.m.b.H.,RZOOAT2L427
34442,Raiffeisenbank Peuerbach reg.Gen.m.b.H.,RZOOAT2L442
34430,Raiffeisenbank Pichl bei Wels reg.Gen.m.b.H.,RZOOAT2L430
35048,Raiffeisenbank Piesendorf reg.Gen.m.b.H.,RVSAAT2S048
32642,Raiffeisenbank Piestingtal eGen,RLNWATWW642
38285,Raiffeisenbank Pischelsdorf-Stubenberg eGen,RZSTAT2G285
32647,Raiffeisenbank Pittental/Bucklige Welt eGen,RLNWATW1647
36353,Raiffeisenbank Pitztal reg.Gen.m.b.H.,RZTIAT22353
33074,Raiffeisenbank Podersdorf am See eGen,RLBBAT2E074
38311,Raiffeisenbank Pöllau-Kaindorf-Vorau eGen,RZSTAT2G311
38076,Raiffeisenbank Pölstal eGen,RZSTAT2G076
34434,Raiffeisenbank Pöndorf - Frankenmarkt reg.Gen.m.b.H.,RZOOAT2L434
34437,Raiffeisenbank Prambachkirchen reg.Gen.m.b.H.,RZOOAT2L437
34438,Raiffeisenbank Pramet reg.Gen.m.b.H.,RZOOAT2L438
38292,Raiffeisenbank Preding-Hengsberg-St. Nikolai i. S. eGen,RZSTAT2G292
32679,Raiffeisenbank Prinzersdorf eGen,RLNWATWWPZD
33078,Raiffeisenbank Purbach eGen,RLBBAT2E078
39457,Raiffeisenbank Radenthein-Bad Kleinkirchheim reg.Gen.m.b.H.,RZKTAT2K457
35049,Raiffeisenbank Radstadt-Untertauern-Filzmoos-Forstau reg.Gen.m.b.H.,RVSAAT2S049
35149,Raiffeisenbank Radstadt-Untertauern-Filzmoos-Forstau reg.Gen.m.b.H.,RVSAAT2S049
35249,Raiffeisenbank Radstadt-Untertauern-Filzmoos-Forstau reg.Gen.m.b.H.,RVSAAT2S049
35050,Raiffeisenbank Ramingstein-Thomatal eGen,RVSAAT2S050
37461,Raiffeisenbank Rankweil reg.Gen.m.b.H.,RVVGAT2B461
35051,Raiffeisenbank Rauris-Bucheben reg.Gen.m.b.H.,RVSAAT2S051
34030,Raiffeisenbank Region Altheim reg.Gen.m.b.H.,RZOOAT2L030
32025,Raiffeisenbank Region Amstetten eGen,RLNWATWWAMS
32789,Raiffeisenbank Region Amstetten eGen,RLNWATWWAMS
34277,Raiffeisenbank Region Bad Leonfelden eGen,RZOOAT2L277
32045,Raiffeisenbank Region Baden eGen,RLNWATWWBAD
32118,Raiffeisenbank Region Baden eGen,RLNWATWWBAD
34060,Raiffeisenbank Region Braunau reg.Gen.m.b.H.,RZOOAT2L060
34180,Raiffeisenbank Region Eferding reg.Gen.m.b.H.,RZOOAT2L180
32939,Raiffeisenbank Region Eisenwurzen eGen,RLNWATWW939
34110,Raiffeisenbank Region Freistadt eGen,RZOOAT2L110
34111,Raiffeisenbank Region Gallneukirchen reg.Gen.m.b.H.,RZOOAT2L111
38103,Raiffeisenbank Region Gleisdorf eGen,RZSTAT2G103
38372,Raiffeisenbank Region Gleisdorf eGen,RZSTAT2G103
34736,Raiffeisenbank Region Grieskirchen reg.Gen.m.b.H.,RZOOAT2L736
34250,Raiffeisenbank Region Hausruck reg.Gen.m.b.H.,RZOOAT2L250
32455,Raiffeisenbank Region Loosdorf eGen,RLNWATWW455
32477,Raiffeisenbank Region Mank eGen,RLNWATW1477
32368,Raiffeisenbank Region Mank eGen,RLNWATW1477
32651,Raiffeisenbank Region Melk eGen,RLNWATWW651
34300,Raiffeisenbank Region Neufelden reg.Gen.m.b.H.,RZOOAT2L300
33072,Raiffeisenbank Region Parndorf eGen,RLBBAT2E072
34460,Raiffeisenbank Region Pregarten reg.Gen.m.b.H.,RZOOAT2L460
34450,Raiffeisenbank Region Ried i.I. reg.Gen.m.b.H.,RZOOAT2L450
34410,Raiffeisenbank Region Rohrbach eGen,RZOOAT2L410
34455,Raiffeisenbank Region Schärding eGen,RZOOAT2L455
34630,Raiffeisenbank Region Schwanenstadt reg.Gen.m.b.H.,RZOOAT2L630
32823,Raiffeisenbank Region Schwechat eGen,RLNWATWW823
34560,Raiffeisenbank Region Sierning reg.Gen.m.b.H.,RZOOAT2L560
32585,Raiffeisenbank Region St. Pölten eGen,RLNWATWWOBG
34114,Raiffeisenbank Region Steyr reg.Gen.m.b.H.,RZOOAT2L114
34710,Raiffeisenbank Region Vöcklabruck reg.Gen.m.b.H.,RZOOAT2L710
32002,Raiffeisenbank Region Wagram eGen,RLNWATW1002
32291,Raiffeisenbank Region Wagram eGen,RLNWATW1002
32990,Raiffeisenbank Region Waldviertel Mitte eGen,RLNWATWWZWE
34475,Raiffeisenbank Reichenau reg.Gen.m.b.H.,RZOOAT2L475
39461,"Raiffeisenbank Reichenau-Gnesau, reg.Gen.m.b.H.",RZKTAT2K461
36303,Raiffeisenbank Reith im Alpbachtal eGen,RZTIAT22303
36305,Raiffeisenbank Reutte reg.Gen.m.b.H.,RBRTAT22XXX
36990,Raiffeisenbank Reutte reg.Gen.m.b.H.,RBRTAT22XXX
36306,Raiffeisenbank Ried in Tirol Fendels-Tösens und Umgebung reg.Gen.m.b.H.,RZTIAT22306
34481,Raiffeisenbank Ried/Traunkreis reg.Gen.m.b.H.,RZOOAT2L481
38326,Raiffeisenbank Riegersburg-Breitenfeld eGen,RZSTAT2G326
39487,"Raiffeisenbank Rosental, reg.Gen.m.b.H.",RZKTAT2K487
35052,Raiffeisenbank Saalbach-Hinterglemm-Viehhofen reg.Gen.m.b.H.,RVSAAT2S052
35152,Raiffeisenbank Saalbach-Hinterglemm-Viehhofen reg.Gen.m.b.H.,RVSAAT2S052
35352,Raiffeisenbank Saalbach-Hinterglemm-Viehhofen reg.Gen.m.b.H.,RVSAAT2S052
35452,Raiffeisenbank Saalbach-Hinterglemm-Viehhofen reg.Gen.m.b.H.,RVSAAT2S052
35053,Raiffeisenbank Saalfelden reg.Gen.m.b.H.,RVSAAT2S053
35054,Raiffeisenbank Salzburg Maxglan-Siezenheim eGen,RVSAAT2S054
35154,Raiffeisenbank Salzburg Maxglan-Siezenheim eGen,RVSAAT2S054
35034,Raiffeisenbank Salzburg-Liefering eGen,RVSAAT2S034
34510,Raiffeisenbank Salzkammergut reg.Gen.m.b.H.,RZOOAT2L510
38375,Raiffeisenbank Schilcherland eGen,RZSTAT2G375
38481,Raiffeisenbank Schladming-Ramsau-Haus eGen,RZSTAT2G481
34606,Raiffeisenbank Schlierbach reg.Gen.m.b.H.,RZOOAT2L606
34613,Raiffeisenbank Schwertberg reg.Gen.m.b.H.,RZOOAT2L613
32275,Raiffeisenbank Seefeld-Hadres eGen,RLNWATW1275
36314,Raiffeisenbank Seefeld-Leutasch-Reith-Scharnitz reg.Gen.m.b.H.,RZTIAT22314
35075,Raiffeisenbank Seekirchen reg.Gen.m.b.H.,RVSAAT2S075
33002,Raiffeisenbank Seewinkel-Hansag eGen,RLBBAT2E002
33104,Raiffeisenbank Seewinkel-Hansag eGen,RLBBAT2E002
33118,Raiffeisenbank Seewinkel-Hansag eGen,RLBBAT2E002
36315,Raiffeisenbank Serfaus-Fiss eGen,RZTIAT22315
36368,Raiffeisenbank Sillian eGen,RZTIAT22368
36316,Raiffeisenbank Silz-Haiming und Umgebung eGen,RZTIAT22316
39254,"Raiffeisenbank Sirnitz-Himmelberg-Deutsch-Griffen, reg.Gen.m.b.H.",RZKTAT2K254
36324,Raiffeisenbank Sölden eGen,RZTIAT22324
36318,Raiffeisenbank Söll - Scheffau reg.Gen.m.b.H.,RZTIAT22318
34521,Raiffeisenbank St. Agatha reg.Gen.m.b.H.,RZOOAT2L521
39481,Raiffeisenbank St. Andrä-Wolfsberg reg.Gen.m.b.H.,RZKTAT2K481
36252,Raiffeisenbank St. Anton am Arlberg eGen,RZTIAT22252
38335,Raiffeisenbank St. Georgen a. d. Stiefing eGen,RZSTAT2G335
32778,Raiffeisenbank St. Georgen am Ybbsfeld eGen,RLNWATWWSGY
39483,"Raiffeisenbank St. Georgen im Gailtal, reg.Gen.m.b.H.",RZKTAT2K483
35046,Raiffeisenbank St. Georgen reg.Gen.m.b.H.,RVSAAT2S046
35056,Raiffeisenbank St. Gilgen-Fuschl-Strobl reg.Gen.m.b.H.,RVSAAT2S056
35156,Raiffeisenbank St. Gilgen-Fuschl-Strobl reg.Gen.m.b.H.,RVSAAT2S056
35256,Raiffeisenbank St. Gilgen-Fuschl-Strobl reg.Gen.m.b.H.,RVSAAT2S056
35057,Raiffeisenbank St. Johann im Pongau reg.Gen.m.b.H.,RVSAAT2S057
35058,Raiffeisenbank St. Koloman reg.Gen.m.b.H.,RVSAAT2S058
38347,Raiffeisenbank St. Lorenzen im Mürztal eGen,RZSTAT2G347
33092,Raiffeisenbank St. Margarethen-Trausdorf-Oslip eGen,RLBBAT2E092
34530,Raiffeisenbank St. Marien reg.Gen.m.b.H.,RZOOAT2L530
34535,Raiffeisenbank St. Martin i.M.-Kleinzell reg.Gen.m.b.H.,RZOOAT2L535
35060,Raiffeisenbank St. Martin-Lofer-Weißbach reg.Gen.m.b.H.,RVSAAT2S060
35160,Raiffeisenbank St. Martin-Lofer-Weißbach reg.Gen.m.b.H.,RVSAAT2S060
35061,Raiffeisenbank St. Michael - Oberlungau reg.Gen.m.b.H.,RVSAAT2S061
35161,Raiffeisenbank St. Michael - Oberlungau reg.Gen.m.b.H.,RVSAAT2S061
35261,Raiffeisenbank St. Michael - Oberlungau reg.Gen.m.b.H.,RVSAAT2S061
35361,Raiffeisenbank St. Michael - Oberlungau reg.Gen.m.b.H.,RVSAAT2S061
39500,"Raiffeisenbank St. Paul im Lavanttal mit Zweiganstalten Maria Rojach und St. Georgen, reg.Gen.m.b.H.",RZKTAT2K500
34540,Raiffeisenbank St. Roman reg.Gen.m.b.H.,RZOOAT2L540
39465,"Raiffeisenbank St. Stefan im Lavanttal, reg.Gen.m.b.H.",RZKTAT2K465
38374,Raiffeisenbank St. Stefan-Jagerberg-Wolfsberg eGen,RZSTAT2G374
36349,RaiffeisenBank St. Ulrich - Waidring eGen,RZTIAT22349
34543,"Raiffeisenbank St. Ulrich-Steyr reg.Gen.m.b.H.""""",RZOOAT2L543
35055,Raiffeisenbank St. Veit-Schwarzach-Goldegg reg.Gen.m.b.H.,RVSAAT2S055
35155,Raiffeisenbank St. Veit-Schwarzach-Goldegg reg.Gen.m.b.H.,RVSAAT2S055
35255,Raiffeisenbank St. Veit-Schwarzach-Goldegg reg.Gen.m.b.H.,RVSAAT2S055
38433,Raiffeisenbank Stallhofen eGen,RZSTAT2G433
34633,Raiffeisenbank Steinbach-Grünburg reg.Gen.m.b.H.,RZOOAT2L633
38249,Raiffeisenbank Steirisches Salzkammergut eGen,RZSTAT2G249
34637,Raiffeisenbank Steyregg reg.Gen.m.b.H.,RZOOAT2L637
34522,Raiffeisenbank St.Florian am Inn reg.Gen.m.b.H.,RZOOAT2L522
32842,Raiffeisenbank Stockerau eGen,RLNWATWWSTO
38436,Raiffeisenbank Straden eGen,RZSTAT2G436
38420,Raiffeisenbank Straß-Spielfeld eGen,RZSTAT2G420
35062,Raiffeisenbank Straßwalchen reg.Gen.m.b.H.,RVSAAT2S062
38373,Raiffeisenbank St.Stefan-Kraubath eGen,RZSTAT2G373
38056,Raiffeisenbank Süd-Weststeiermark eGen,RZSTAT2G056
38407,Raiffeisenbank Süd-Weststeiermark eGen,RZSTAT2G056
38503,Raiffeisenbank Süd-Weststeiermark eGen,RZSTAT2G056
35063,Raiffeisenbank Tamsweg reg.Gen.m.b.H.,RVSAAT2S063
35163,Raiffeisenbank Tamsweg reg.Gen.m.b.H.,RVSAAT2S063
35263,Raiffeisenbank Tamsweg reg.Gen.m.b.H.,RVSAAT2S063
36333,Raiffeisenbank Tannheimertal eGen,RZTIAT22333
34661,Raiffeisenbank Tarsdorf reg.Gen.m.b.H.,RZOOAT2L661
35064,Raiffeisenbank Taxenbach reg.Gen.m.b.H.,RVSAAT2S064
35164,Raiffeisenbank Taxenbach reg.Gen.m.b.H.,RVSAAT2S064
38452,Raiffeisenbank Teufenbach-Oberwölz-St. Peter a. K. eGen,RZSTAT2G452
35065,Raiffeisenbank Thalgau reg.Gen.m.b.H.,RVSAAT2S065
32127,Raiffeisenbank Thayatal-Mitte eGen,RLNWATW1127
38411,Raiffeisenbank Thermenland eGen,RZSTAT2G411
36339,Raiffeisenbank Thiersee eGen,RZTIAT22339
34669,Raiffeisenbank Timelkam-Lenzing-Puchkirchen reg.Gen.m.b.H.,RZOOAT2L669
32447,Raiffeisenbank Traisen-Gölsental eGen,RLNWATWWLFD
32944,Raiffeisenbank Traisen-Gölsental eGen,RLNWATWWLFD
38348,Raiffeisenbank Trieben eGen,RZSTAT2G348
32880,Raiffeisenbank Tulln eGen,RLNWATW1880
38462,Raiffeisenbank Turnau-Aflenz-Etmißl eGen,RZSTAT2G462
36342,Raiffeisenbank Tux reg.Gen.m.b.H.,RZTIAT22342
35066,Raiffeisenbank Unken reg.Gen.m.b.H.,RVSAAT2S066
38477,Raiffeisenbank Unterpremstätten eGen,RZSTAT2G477
35068,Raiffeisenbank Uttendorf reg.Gen.m.b.H.,RVSAAT2S068
39390,Raiffeisenbank Velden am Wörthersee reg.Gen.m.b.H.,RZKTAT2K390
36345,Raiffeisenbank Vils und Umgebung eGen,RZTIAT22345
32901,Raiffeisenbank Vitis eGen,RLNWATW1901
38487,Raiffeisenbank Voitsberg eGen,RZSTAT2G487
39546,"Raiffeisenbank Völkermarkt, reg.Gen.m.b.H.",RZKTAT2K546
37435,Raiffeisenbank Vorderbregenzerwald reg.Gen.m.b.H.,RVVGAT2B435
36291,Raiffeisenbank Vorderes Oetztal reg.Gen.m.b.H.,RZTIAT22291
37475,Raiffeisenbank Vorderland reg.Gen.m.b.H.,RVVGAT2B475
35069,Raiffeisenbank Wagrain-Kleinarl reg.Gen.m.b.H.,RVSAAT2S069
35169,Raiffeisenbank Wagrain-Kleinarl reg.Gen.m.b.H.,RVSAAT2S069
32904,Raiffeisenbank Waidhofen a. d. Thaya eGen,RLNWATWWWTH
35070,Raiffeisenbank Wald reg.Gen.m.b.H.,RVSAAT2S070
35170,Raiffeisenbank Wald reg.Gen.m.b.H.,RVSAAT2S070
34732,Raiffeisenbank Walding-Ottensheim reg.Gen.m.b.H.,RZOOAT2L732
34735,Raiffeisenbank Waldzell reg.Gen.m.b.H.,RZOOAT2L735
37458,RAIFFEISENBANK WALGAU-GROSSWALSERTAL reg.Gen.m.b.H.,RVVGAT2B458
35071,Raiffeisenbank Wals-Himmelreich reg.Gen.m.b.H.,RVSAAT2S071
35371,Raiffeisenbank Wals-Himmelreich reg.Gen.m.b.H.,RVSAAT2S071
34738,Raiffeisenbank Wartberg an der Krems reg.Gen.m.b.H.,RZOOAT2L738
36351,"Raiffeisenbank Wattens und Umgebung, reg.Gen.m.b.H.",RZTIAT22351
38041,Raiffeisenbank Wechselland eGen,RZSTAT2G041
33106,Raiffeisenbank Weiden am See eGen,RLBBAT2E106
34741,Raiffeisenbank Weißkirchen a.d. Traun reg.Gen.m.b.H.,RZOOAT2L741
37474,Raiffeisenbank Weissachtal eGen,RVVGAT2B474
32936,Raiffeisenbank Weitra eGen,RLNWATW1936
38187,Raiffeisenbank Weiz-Anger eGen,RZSTAT2G187
38010,Raiffeisenbank Weiz-Anger eGen,RZSTAT2G187
34680,Raiffeisenbank Wels reg.Gen.m.b.H.,RZOOAT2L680
34770,Raiffeisenbank Wels Süd reg.Gen.m.b.H.,RZOOAT2L770
39559,"Raiffeisenbank Wernberg, reg.Gen.m.b.H.",RZKTAT2K559
36354,Raiffeisenbank Westendorf eGen,RZTIAT22354
36209,Raiffeisenbank Westliches Mittelgebirge eGen,RZTIAT22209
34747,Raiffeisenbank Weyer reg.Gen.m.b.H.,RZOOAT2L747
32667,Raiffeisenbank Wienerwald eGen,RLNWATWWPRB
38499,Raiffeisenbank Wildon-Lebring eGen,RZSTAT2G499
36357,Raiffeisenbank Wildschönau reg.Gen.m.b.H.,RZTIAT22357
34491,Raiffeisenbank Windischgarsten reg.Gen.m.b.H.,RZOOAT2L491
36329,Raiffeisenbank Wipptal eGen,RZTIAT22329
32951,Raiffeisenbank Wolkersdorf eGen,RLNWATWWWDF
36358,Raiffeisenbank Wörgl Kufstein eGen,RZTIAT22358
32906,Raiffeisenbank Ybbstal eGen,RLNWATWWWHY
36360,Raiffeisenbank Zell am Ziller und Umgebung reg.Gen.m.b.H.,RZTIAT22360
33027,Raiffeisenbezirksbank Güssing eGen,RLBBAT2E027
33034,Raiffeisenbezirksbank Jennersdorf eGen,RLBBAT2E034
39358,"Raiffeisen-Bezirksbank Klagenfurt, reg.Gen.m.b.H.",RZKTAT2K358
33124,Raiffeisenbezirksbank Mattersburg eGen,RLBBAT2E124
33065,Raiffeisenbezirksbank Oberpullendorf eGen,RLBBAT2E065
33125,Raiffeisenbezirksbank Oberwart eGen,RLBBAT2E125
33081,Raiffeisenbezirksbank Oberwart eGen,RLBBAT2E125
39267,"Raiffeisen-Bezirksbank Spittal/Drau, reg.Gen.m.b.H.",RZKTAT2K267
39475,"Raiffeisen-Bezirksbank St. Veit a.d. Glan-Feldkirchen, reg.Gen.m.b.H.",RZKTAT2K475
36374,Raiffeisenkasse Assling reg.Gen.m.b.H.,RZTIAT22374
32059,Raiffeisenkasse Blindenmarkt eGen,RLNWATW1059
32099,Raiffeisenkasse Dobersberg-Waldkirchen eGen,RLNWATW1099
32145,Raiffeisenkasse Ernstbrunn eGen,RLNWATW1145
35016,Raiffeisenkasse Faistenau-Hintersee reg.Gen.m.b.H.,RVSAAT2S016
36281,"Raiffeisenkasse für Mutters, Natters und Kreith reg.Gen.m.b.H.",RZTIAT22281
35020,Raiffeisenkasse Großgmain reg.Gen.m.b.H.,RVSAAT2S020
32242,Raiffeisenkasse Großweikersdorf-Wiesendorf-Ruppersthal eGen,RLNWATW1242
32247,Raiffeisenkasse Günselsdorf eGen,RLNWATWWGUE
32278,Raiffeisenkasse Haidershofen eGen,RLNWATWW278
35023,Raiffeisenkasse Hallwang eGen,RVSAAT2S023
36240,Raiffeisenkasse Hart eGen,RZTIAT22240
32286,Raiffeisenkasse Heiligeneich eGen,RLNWATW1286
32374,Raiffeisenkasse Kirchschlag in der Buckligen Welt eGen,RLNWATWWKIG
35029,Raiffeisenkasse Kuchl reg.Gen.m.b.H.,RVSAAT2S029
36373,Raiffeisenkasse Lienzer Talboden reg.Gen.m.b.H.,RZTIAT22373
36275,Raiffeisenkasse Mieders-Schönberg reg.Gen.m.b.H.,RZTIAT22275
32551,Raiffeisenkasse Neusiedl a.d.Zaya eGen,RLNWATWWNSD
35043,Raiffeisenkasse Niedernsill reg.Gen.m.b.H.,RVSAAT2S043
32614,Raiffeisenkasse Orth a.d. Donau eGen,RLNWATWWODO
32660,Raiffeisenkasse Pottschach reg.Gen.m.b.H.,RLNWATW1660
32663,Raiffeisenkasse Poysdorf eGen,RLNWATWWPOY
32715,Raiffeisenkasse Retz-Pulkautal reg.Gen.m.b.H.,RLNWATW1715
36310,Raiffeisenkasse Rum-Innsbruck/Arzl eGen,RZTIAT22310
36320,"Raiffeisenkasse Schlitters, Bruck und Straß reg.Gen.m.b.H.",RZTIAT22320
39505,"Raiffeisenkasse St. Urban, reg.Gen.m.b.H.",RZKTAT2K505
36332,"Raiffeisenkasse Stumm, Stummerberg und Umgebung reg.Gen.m.b.H.",RZTIAT22332
36337,Raiffeisenkasse Thaur reg.Gen.m.b.H.,RZTIAT22337
36386,Raiffeisenkasse Villgratental reg.Gen.m.b.H.,RZTIAT22386
36347,Raiffeisenkasse Volders und Umgebung reg.Gen.m.b.H.,RZTIAT22347
36352,Raiffeisenkasse Weerberg reg.Gen.m.b.H.,RZTIAT22352
35072,Raiffeisenkasse Werfen reg.Gen.m.b.H.,RVSAAT2S072
35172,Raiffeisenkasse Werfen reg.Gen.m.b.H.,RVSAAT2S072
35272,Raiffeisenkasse Werfen reg.Gen.m.b.H.,RVSAAT2S072
32940,Raiffeisenkasse Wiesmath-Hochwolkersdorf eGen,RLNWATW1940
32982,Raiffeisenkasse Ziersdorf reg.Gen.m.b.H.,RLNWATW1982
32985,Raiffeisenkasse Zistersdorf - Dürnkrut reg.Gen.m.b.H.,RLNWATWWZDF
33000,Raiffeisenlandesbank Burgenland und Revisionsverband eGen,RLBBAT2EXXX
33035,Raiffeisenlandesbank Burgenland und Revisionsverband eGen,RLBBAT2EXXX
33135,Raiffeisenlandesbank Burgenland und Revisionsverband eGen,RLBBAT2EXXX
39000,"Raiffeisenlandesbank Kärnten - Rechenzentrum und Revisionsverband, reg.Gen.m.b.H.",RZKTAT2KXXX
32000,RAIFFEISENLANDESBANK NIEDERÖSTERREICH-WIEN AG,RLNWATWWXXX
34000,Raiffeisenlandesbank Oberösterreich AG,RZOOAT2LXXX
34920,Raiffeisenlandesbank Oberösterreich AG,RZOOAT2LXXX
34921,Raiffeisenlandesbank Oberösterreich AG,RZOOAT2LXXX
34922,Raiffeisenlandesbank Oberösterreich AG,RZOOAT2LXXX
38000,Raiffeisen-Landesbank Steiermark AG,RZSTAT2GXXX
36000,Raiffeisen-Landesbank Tirol AG,RZTIAT22XXX
37000,Raiffeisenlandesbank Vorarlberg Waren- und Revisionsverband reg.Gen.m.b.H.,RVVGAT2BXXX
31600,Raiffeisen-Leasing Bank AG,RLBAATW1XXX
32092,Raiffeisen-Regionalbank Gänserndorf eGen,RLNWATWWGAE
36336,Raiffeisen-Regionalbank Telfs eGen,RZTIAT22336
32937,Raiffeisenregionalbank Wiener Neustadt eGen,RLNWATWWWRN
35000,Raiffeisenverband Salzburg eGen,RVSAAT2SXXX
35002,Raiffeisenverband Salzburg eGen,RVSAAT2SXXX
35040,Raiffeisenverband Salzburg eGen,RVSAAT2SXXX
35074,Raiffeisenverband Salzburg eGen,RVSAAT2SXXX
35092,Raiffeisenverband Salzburg eGen,RVSAAT2SXXX
35094,Raiffeisenverband Salzburg eGen,RVSAAT2SXXX
35097,Raiffeisenverband Salzburg eGen,RVSAAT2SXXX
35100,Raiffeisenverband Salzburg eGen,RVSAAT2SXXX
35102,Raiffeisenverband Salzburg eGen,RVSAAT2SXXX
35140,Raiffeisenverband Salzburg eGen,RVSAAT2SXXX
35200,Raiffeisenverband Salzburg eGen,RVSAAT2SXXX
35202,Raiffeisenverband Salzburg eGen,RVSAAT2SXXX
35240,Raiffeisenverband Salzburg eGen,RVSAAT2SXXX
35400,Raiffeisenverband Salzburg eGen,RVSAAT2SXXX
35500,Raiffeisenverband Salzburg eGen,RVSAAT2SXXX
35600,Raiffeisenverband Salzburg eGen,RVSAAT2SXXX
35700,Raiffeisenverband Salzburg eGen,RVSAAT2SXXX
35900,Raiffeisenverband Salzburg eGen,RVSAAT2SXXX
19420,"RCI Banque SA, Niederlassung Österreich",
1000,Republik Österreich,BUNDATWWXXX
19700,s Wohnbaubank AG,WOHBATWWXXX
55000,SALZBURGER LANDES-HYPOTHEKENBANK AG,SLHYAT2SXXX
20404,Salzburger Sparkasse Bank AG,SBGSAT2SXXX
19810,Santander Consumer Bank GmbH,SANTATWWXXX
74000,Sberbank Europe AG,SABRATWWXXX
19200,Schoellerbank AG,SCHOATWWXXX
76520,SEMPER CONSTANTIA PRIVATBANK AG,COPRATWWXXX
18150,Société Générale Zweigniederlassung Wien,SGABATWWXXX
48790,"Spar- und Vorschusskasse der Angestellten der Wiener Städtische Versicherung AG Vienna Insurance Group"" e.Gen.""",
40140,"Spar- und Vorschussverein der Mitarbeiter der Niederösterreichischen Landesbank-Hypothekenbank AG, reg.Gen.m.b.H.",
40800,Spar- und Vorschuß-Verein der Beamtenschaft der Oesterreichischen Nationalbank reg.Gen.m.b.H.,
48940,"Spar- und Vorschußverein Graphik"" reg.Gen.m.b.H.""",
49460,SPARDA-BANK AUSTRIA Nord eGen,SPDAAT21XXX
46660,SPARDA-BANK AUSTRIA Süd eGen,SVIEAT21XXX
74200,SPAR-FINANZ BANK AG,SFIVATW1XXX
20650,Sparkasse Allgäu Hauptzweigstelle Riezlern,SARIAT21XXX
20205,Sparkasse Baden,SPBDAT21XXX
20225,Sparkasse Baden,SPBDAT21XXX
20607,Sparkasse Bludenz Bank AG,SSBLAT21XXX
20601,Sparkasse Bregenz Bank AG,SPBRAT2BXXX
20603,Sparkasse der Gemeinde Egg,SPEGAT21XXX
20202,Sparkasse der Stadt Amstetten AG,SPAMAT21XXX
20604,Sparkasse der Stadt Feldkirch,SPFKAT2BXXX
20505,Sparkasse der Stadt Kitzbühel,SPKIAT2KXXX
20330,Sparkasse Eferding-Peuerbach-Waizenkirchen,SPPBAT21XXX
20702,Sparkasse Feldkirchen/Kärnten,SPFNAT21XXX
20306,SPARKASSE FRANKENMARKT AG,SPFRAT21XXX
20216,Sparkasse Hainburg-Bruck-Neusiedl AG,SPHBAT21XXX
20218,Sparkasse Haugsdorf,SPHAAT21XXX
20219,Sparkasse Herzogenburg-Neulengbach,SPHEAT21XXX
20221,Sparkasse Horn-Ravelsbach-Kirchberg AG,SPHNAT21XXX
20502,Sparkasse Imst AG,SPIMAT21XXX
20227,Sparkasse Korneuburg AG,SSKOAT21XXX
20506,Sparkasse Kufstein Tiroler Sparkasse von 1877,SPKUAT22XXX
20317,Sparkasse Lambach Bank-AG,SPLAAT21XXX
20230,Sparkasse Langenlois,SPLSAT21XXX
20402,Sparkasse Mittersill Bank AG,SPMIAT21XXX
20334,Sparkasse Mühlviertel-West Bank AG,SMWRAT21XXX
20828,Sparkasse Mürzzuschlag AG,SPMZAT21XXX
20326,Sparkasse Neuhofen Bank AG,SPNKAT21XXX
20241,Sparkasse Neunkirchen,SPNGAT21XXX
20256,SPARKASSE NIEDERÖSTERREICH MITTE WEST AG,SPSPAT21XXX
20833,Sparkasse Pöllau AG,SPPLAT21XXX
20245,Sparkasse Pottenstein N.Ö.,SPPOAT21XXX
20246,Sparkasse Poysdorf AG,SPPDAT21XXX
20331,Sparkasse Pregarten - Unterweißenbach AG,SPPRAT21XXX
20508,Sparkasse Rattenberg Bank AG,SPRTAT21XXX
20509,Sparkasse Reutte AG,SPREAT21XXX
20333,Sparkasse Ried im Innkreis-Haag am Hausruck,SPRHAT21XXX
20314,Sparkasse Salzkammergut AG,SKBIAT21XXX
20257,Sparkasse Scheibbs AG,SPSBAT21XXX
20510,Sparkasse Schwaz AG,SPSCAT22XXX
20839,Sparkasse Voitsberg-Köflach BankAG,SPVOAT21XXX
19955,Standard Chartered Bank Zweigniederlassung Wien,
75100,State Street Bank GmbH Filiale Wien,SBOSATWWXXX
20815,Steiermärkische Bank und Sparkassen AG,STSPAT2GXXX
19685,Steyler Bank GmbH,RVSAAT2SSTB
19310,Svenska Handelsbanken AB Niederlassung Wien,
76032,TeamBank Österreich - Niederlassung der TeamBank AG Nürnberg,TEAMDE71TAT
19985,The Royal Bank of Scotland plc Filiale Wien,ABNAATWWXXX
20503,Tiroler Sparkasse BankAG Innsbruck,SPIHAT22XXX
19430,UBS (Luxembourg) S.A. Niederlassung Österreich,UBSWATWWXXX
18250,"UniCredit Bank AG, Zweigniederlassung Wien",CAIBATWWXXX
12000,UniCredit Bank Austria AG,BKAUATWWXXX
11000,UniCredit Bank Austria AG,BKAUATWWXXX
19690,VakifBank International AG,TVBAATWWXXX
19160,Valartis Bank (Austria) AG,VLRTATWWXXX
74500,VB Factoring Bank AG,FACGAT21XXX
45330,Volksbank Almtal e. Gen.,AVOSAT21XXX
43530,Volksbank Alpenvorland e.Gen.,VBOEATWWAMS
42550,Volksbank Altheim-Braunau reg.Gen.m.b.H.,VBOEATWWALT
40720,Volksbank Bad Goisern eGen,VBGOAT21XXX
43180,Volksbank Bad Hall e.Gen.,VBOEATWWBHA
44820,Volksbank Donau-Weinland reg.Gen.m.b.H.,VSTOAT21XXX
44790,Volksbank Eferding - Grieskirchen reg.Gen.m.b.H.,VOEEAT21XXX
43920,Volksbank Enns - St. Valentin eG,VOENAT21XXX
42600,Volksbank Feldkirchen eG,VOFFAT21XXX
41050,Volksbank Fels am Wagram e.Gen.,VOFWAT21XXX
44020,Volksbank Friedburg reg.Gen.m.b.H.,VOFRAT21XXX
42320,VOLKSBANK für den Bezirk Weiz reg.Gen.m.b.H.,VBOEATWWWEI
44810,Volksbank für die Süd- und Weststeiermark eG,VOKKAT2102G
42130,Volksbank Gewerbe- und Handelsbank Kärnten eGen,VBOEATWWKLA
43380,Volksbank Gmünd e. Gen.,VOGKAT21XXX
44770,VOLKSBANK GRAZ-BRUCK e.Gen.,VBOEATWWGRA
46900,Volksbank Kärnten Süd e.Gen.,VORFAT21XXX
41210,Volksbank Krems-Zwettl AG,VBOEATWWKRE
43770,Volksbank Kufstein-Kitzbühel eG,VBOEATWWKUF
41600,Volksbank Laa eGen,VLTHAT21XXX
45850,VOLKSBANK LANDECK eG,VBOEATWWLAN
44800,Volksbank Linz-Wels-Mühlviertel AG,VBWEAT2WXXX
43210,Volksbank Linz-Wels-Mühlviertel AG,VBWEAT2WXXX
42110,Volksbank Marchfeld e.Gen.,MVOGAT2102W
44430,Volksbank Niederösterreich Süd eG,VBOEATWWWRN
47150,Volksbank Niederösterreich-Mitte e.G.,VBOEATWWNOM
40170,VOLKSBANK OBERES WALDVIERTEL reg.Gen.m.b.H.,VOOWAT21XXX
42820,VOLKSBANK OBERKÄRNTEN reg.Gen.m.b.H.,VBOEATWWSPI
44480,Volksbank Oberndorf reg.Gen.m.b.H.,VOBOAT21XXX
44570,Volksbank Obersdorf - Wolkersdorf - Deutsch-Wagram e. Gen.,VOWOAT21XXX
43030,Volksbank Obersteiermark e.Gen.,VBOEATWWROT
44780,Volksbank Obersteiermark e.Gen.,VBOEATWWROT
46590,Volksbank Obersteiermark e.Gen.,VBOEATWWROT
43610,Volksbank Ost reg.Gen.m.b.H.,VOSTAT21XXX
40730,Volksbank Osttirol-Westkärnten eG,OVLIAT21XXX
44400,Volksbank Osttirol-Westkärnten eG,OVLIAT21XXX
40850,Volksbank Ötscherland eG,VOETAT2102P
35080,Volksbank Raiffeisenbank Oberbayern Südost eG-Zweigniederlassung VR-Bank Salzburg,RVSAAT2S080
43830,Volksbank Ried im Innkreis eG,VBOEATWWRIE
45010,Volksbank Salzburg eG,VBOEATWWSAL
42630,Volksbank Schärding eG,VBOEATWWSRD
42740,"Volksbank Steirisches Salzkammergut, reg.Gen.m.b.H.",VOSSAT2102G
49220,Volksbank Südburgenland eG,VOPIAT2102G
48150,Volksbank Süd-Oststeiermark e.Gen.,VHARAT21XXX
42390,Volksbank Tirol Innsbruck-Schwaz AG,VBOEATWWINN
40630,Volksbank Tullnerfeld eG,TUVTAT21XXX
42830,VOLKSBANK VÖCKLABRUCK-GMUNDEN e.Gen.,VBOEATWWVOE
44300,Volksbank Vöcklamarkt-Mondsee reg.Gen.m.b.H.,VOVVAT21XXX
45710,VOLKSBANK VORARLBERG e. Gen.,VOVBAT2BXXX
40100,Volksbank Weinviertel e.Gen.,WVMIAT21XXX
43000,Volksbank Wien-Baden AG,VBWIATW1XXX
42750,Volksbank Wien-Baden AG,VBWIATW1XXX
18600,Volkskreditbank AG,VKBLAT2LXXX
58000,Vorarlberger Landes- und Hypothekenbank AG,HYPVAT2BXXX
49500,VR-Bank Braunau Zweigniederlassung der VR-Bank Rottal-Inn eG,VRBKAT21XXX
19940,VTB Bank (Austria) AG,DOBAATWWXXX
20272,Waldviertler Sparkasse Bank AG,SPZWAT21XXX
20263,Waldviertler Sparkasse Bank AG,SPZWAT21XXX
43600,Waldviertler Volksbank Horn reg.Gen.m.b.H.,WVOHAT21XXX
37434,Walser Privatbank AG,RANJAT2BXXX
19410,Welcome Bank Ges. m.b.H.,WELCATW1XXX
19880,Western Union International Bank GmbH,WUIBATWWXXX
20267,Wiener Neustädter Sparkasse,WINSATWNXXX
19440,Wiener Privatbank SE,WIPBATWWXXX
44960,WSK Bank AG,WSPKATW1XXX
31300,ZUNO BANK AG,RIDBATWWXXX
19510,Zürcher Kantonalbank Österreich AG,PIAGAT2SXXX
39100,"ZVEZA BANK, r.z.z.o.j., Bank und Revisionsverband, reg.Gen.m.b.H.",VSGKAT2KXXX
19760,3-Banken Wohnbaubank AG,WOHAAT21XXX
